2state_t,0,1,2,3
2state_Q,0.709489046029493,0.8263210558871414,0.8434267252551199,0.8079582758711227
2state_dZ0_q0_mean,-1.4668743550010719,-1.4733966024658172,-1.472244458620492,-1.4698622558561671
2state_dZ0_q0_sdev,0.010286495573226707,0.021985255190132957,0.009128008146383933,0.008950992521541627
2state_dgV_q0_mean,-4.105138165492928,-4.345780979849417,-4.305964937020708,-4.305248999784966
2state_dgV_q0_sdev,0.1030315739231356,0.06201617554856406,0.0987187948217891,0.0911568037755842
2state_dZ0_q1_mean,-1.4786919862293397,-1.4863171450968389,-1.4851254707721504,-1.4831764665724847
2state_dZ0_q1_sdev,0.010930856549300186,0.022806665390849377,0.0095457461205924,0.009784973548574936
2state_dgV_q1_mean,-3.7035935574567445,-3.855797949544935,-3.819892382355161,-3.815100148878647
2state_dgV_q1_sdev,0.07299404030725076,0.06470143397449067,0.08603621229840402,0.1085824069909258
